Date,SSO,UBT,UST,UGL
01/02/2015,32.03,41.08,56.02,38.7
01/05/2015,30.87,42.37,56.74,39.82
01/06/2015,30.31,43.75,57.5,40.81
01/07/2015,31.07,43.73,57.41,40.3
01/08/2015,32.16,42.38,56.96,40.01
01/09/2015,31.61,43.45,57.54,40.87
01/12/2015,31.12,44.14,57.93,41.78
1/13/2015,30.96,43.85,58.11,41.53
1/14/2015,30.57,44.6,58.62,41.39
1/15/2015,30.02,46.06,59.63,43.37
1/16/2015,30.79,44.89,58.74,44.6
1/20/2015,30.93,46.07,59.02,45.88
1/21/2015,31.23,45.06,58.46,45.96
1/22/2015,32.16,44.64,58.13,46.62
1/23/2015,31.8,45.85,58.92,45.96
1/26/2015,31.96,45.64,58.66,44.96
1/27/2015,31.12,45.69,58.78,45.91
1/28/2015,30.31,47.24,59.68,45.27
1/29/2015,30.89,46.72,59.26,43.26
1/30/2015,30.11,48.5,60.28,45.12
02/02/2015,30.82,47.97,60.12,44.45
02/03/2015,31.72,46.08,59.15,43.55
02/04/2015,31.48,46.17,59.29,43.83
02/05/2015,32.14,45.04,58.89,44.02
02/06/2015,31.94,43.56,57.54,41.76
02/09/2015,31.65,43.28,57.49,42.19
02/10/2015,32.31,42.7,57.22,41.67
02/11/2015,32.36,42.78,57.15,40.72
02/12/2015,32.98,42.46,57.18,40.91
2/13/2015,33.25,41.74,56.86,41.23
2/17/2015,33.38,40.37,56.02,39.95
2/18/2015,33.37,40.73,56.5,40.12
2/19/2015,33.33,40.4,56.28,39.9
2/20/2015,33.71,40.58,56.14,39.42
2/23/2015,33.7,41.48,56.67,39.54
2/24/2015,33.9,42.47,57.44,39.33
2/25/2015,33.82,42.9,57.59,39.7
2/26/2015,33.75,41.8,56.94,39.94
2/27/2015,33.54,42.45,57.32,40.07
03/02/2015,33.94,40.85,56.46,39.65
03/03/2015,33.66,40.63,56.17,39.48
03/04/2015,33.39,40.71,56.26,39.31
03/05/2015,33.45,40.65,56.34,39.22
03/06/2015,32.51,38.77,55.2,37.12
03/09/2015,32.78,39.42,55.67,37.12
03/10/2015,31.71,40.42,56.18,36.74
03/11/2015,31.57,41.15,56.38,36.37
03/12/2015,32.36,40.92,56.41,36.32
3/13/2015,31.98,40.73,56.39,36.38
3/16/2015,32.82,41.54,56.64,36.45
3/17/2015,32.61,42.17,56.94,35.98
3/18/2015,33.39,43.86,58.09,37.36
3/19/2015,33.08,43.36,57.67,37.31
3/20/2015,33.66,43.92,58.13,38.08
3/23/2015,33.56,43.74,58.27,38.69
3/24/2015,33.15,44.56,58.63,38.79
3/25/2015,32.14,43.86,58.07,38.97
3/26/2015,31.99,42.4,57.33,39.44
3/27/2015,32.12,43.36,57.77,39.08
3/30/2015,32.91,43,57.77,38.35
3/31/2015,32.33,43.24,58.04,38.14
04/01/2015,32.11,44.33,58.63,39.49
04/02/2015,32.3,43.49,58.32,39.27
04/06/2015,32.75,43.04,58.38,40.22
04/07/2015,32.6,43.67,58.45,39.9
04/08/2015,32.8,43.65,58.38,39.36
04/09/2015,33.09,42.55,57.94,38.84
04/10/2015,33.44,42.61,57.96,39.67
4/13/2015,33.15,42.73,58.19,39.15
4/14/2015,33.27,43.37,58.47,38.69
4/15/2015,33.56,43.3,58.55,39.28
4/16/2015,33.54,42.88,58.69,39.01
4/17/2015,32.77,43.84,58.86,39.41
4/20/2015,33.37,43.15,58.66,38.83
4/21/2015,33.28,42.66,58.4,39.23
4/22/2015,33.61,41.37,57.73,38.24
4/23/2015,33.78,41.73,58.09,38.8
4/24/2015,33.93,42.16,58.43,37.77
4/27/2015,33.64,42.22,58.31,39.21
4/28/2015,33.86,41.08,57.75,39.89
4/29/2015,33.57,40.09,57.27,39.36
4/30/2015,32.92,40.25,57.31,37.94
05/01/2015,33.61,39.13,56.67,37.78
05/04/2015,33.83,38.37,56.42,38.37
05/05/2015,33.04,38.37,56.29,38.6
05/06/2015,32.76,36.98,55.75,38.48
05/07/2015,33.02,37.92,56.17,37.93
05/08/2015,33.89,38.1,56.63,38.34
05/11/2015,33.56,36.49,55.5,38.04
05/12/2015,33.35,36.49,55.56,38.57
5/13/2015,33.38,35.9,55.42,39.99
5/14/2015,34.06,36.05,55.78,40.48
5/15/2015,34.14,37.51,56.59,40.75
5/18/2015,34.34,36.32,55.83,40.72
5/19/2015,34.31,35.65,55.31,39.53
5/20/2015,34.27,35.76,55.56,39.65
5/21/2015,34.48,36.76,56.2,39.47
5/22/2015,34.32,36.78,56.01,39.37
5/26/2015,33.59,38.05,56.63,38.26
5/27/2015,34.18,38.36,56.59,38.17
5/28/2015,34.12,38.06,56.67,38.25
5/29/2015,33.68,38.26,56.77,38.38
06/01/2015,33.82,37.41,56.22,38.29
06/02/2015,33.77,36.33,55.5,38.57
06/03/2015,33.96,35.21,54.53,37.94
06/04/2015,33.42,36,55.05,37.51
06/05/2015,33.27,35.2,54.32,37.02
06/08/2015,32.84,35.08,54.43,37.36
06/09/2015,32.84,34.54,54.11,37.44
06/10/2015,33.6,33.9,53.69,38.05
06/11/2015,33.81,35.34,54.47,37.75
06/12/2015,33.32,35.35,54.44,37.68
6/15/2015,33.01,35.45,54.7,38.07
6/16/2015,33.37,36.03,55.1,37.7
6/17/2015,33.48,35.54,55.22,38
6/18/2015,34.15,35.13,55.13,39.01
6/19/2015,33.76,36.07,55.66,38.95
6/22/2015,34.24,34.58,54.69,37.88
6/23/2015,34.27,34.18,54.39,37.42
6/24/2015,33.73,34.58,54.61,37.27
6/25/2015,33.51,34.46,54.38,37.1
6/26/2015,33.52,33.6,53.74,37.33
6/29/2015,32.15,35.34,55.06,37.58
6/30/2015,32.27,34.85,54.81,37.04
07/01/2015,32.74,33.83,54.19,36.84
07/02/2015,32.7,34.1,54.58,36.69
07/06/2015,32.5,35.33,55.31,36.91
07/07/2015,32.88,35.96,55.66,36.04
07/08/2015,31.81,36.65,56.06,36.22
07/09/2015,31.9,35.15,55.23,36.39
07/10/2015,32.72,34.13,54.45,36.48
7/13/2015,33.44,33.9,54.18,36.18
7/14/2015,33.74,34.1,54.47,36
7/15/2015,33.71,34.78,54.94,35.54
7/16/2015,34.22,35.27,54.97,35.29
7/17/2015,34.29,35.6,54.91,34.61
7/20/2015,34.33,35.26,54.7,32.72
7/21/2015,34.05,35.7,54.98,32.49
7/22/2015,33.9,36.17,55.13,32.24
7/23/2015,33.56,37.06,55.56,31.9
7/24/2015,32.84,37.28,55.67,32.51
7/27/2015,32.46,37.63,56.04,32.22
7/28/2015,33.24,37.21,55.75,32.32
7/29/2015,33.71,36.9,55.55,32.38
7/30/2015,33.73,37.37,55.71,31.89
7/31/2015,33.63,38.07,56.35,32.23
08/03/2015,33.39,38.66,56.71,31.76
08/04/2015,33.24,38.16,56.04,31.78
08/05/2015,33.49,37.61,55.7,31.57
08/06/2015,32.99,38.24,55.95,31.94
08/07/2015,32.82,39.2,56.45,32.13
08/10/2015,33.63,38.24,56.02,32.73
08/11/2015,33.01,39.42,56.79,33.02
08/12/2015,33.08,39.02,56.77,33.98
8/13/2015,33.02,38.85,56.42,33.43
8/14/2015,33.24,38.95,56.21,33.44
8/17/2015,33.63,39.35,56.47,33.59
8/18/2015,33.42,38.69,56.27,33.57
8/19/2015,32.89,39.48,57,34.43
8/20/2015,31.53,40.3,57.35,35.59
8/21/2015,29.56,40.51,57.74,36.11
8/24/2015,27.12,40.6,57.91,35.71
8/25/2015,26.47,39.31,57.25,34.85
8/26/2015,28.52,37.63,56.6,33.9
8/27/2015,29.9,37.71,56.55,33.91
8/28/2015,29.9,37.92,56.6,34.51
8/31/2015,29.43,37.53,56.41,34.57
09/01/2015,27.65,37.94,56.82,34.85
09/02/2015,28.72,37.22,56.61,34.45
09/03/2015,28.76,37.71,56.83,33.89
09/04/2015,27.89,38.23,57.16,33.76
09/08/2015,29.32,37.16,56.63,33.66
09/09/2015,28.5,37.45,56.76,32.88
09/10/2015,28.81,36.98,56.45,33.05
09/11/2015,29.06,37.39,56.8,32.84
9/14/2015,28.85,37.72,56.87,32.89
9/15/2015,29.57,36.1,55.99,32.7
9/16/2015,30.1,35.81,55.93,33.56
9/17/2015,29.95,36.7,56.84,34.31
9/18/2015,28.98,37.9,57.42,34.69
9/21/2015,29.26,36.71,56.79,34.36
9/22/2015,28.52,37.66,57.29,33.89
9/23/2015,28.4,37.32,57.15,34.18
9/24/2015,28.24,38.02,57.33,35.54
9/25/2015,28.2,37.3,57.05,35.19
9/28/2015,26.77,38.69,57.68,34.25
9/29/2015,26.81,38.82,58.07,33.96
9/30/2015,27.8,38.6,58.14,33.23
10/01/2015,27.96,38.75,58.24,33.14
10/02/2015,28.79,39.28,58.73,34.61
10/05/2015,29.81,38.39,58.12,34.45
10/06/2015,29.6,38.6,58.37,35.08
10/07/2015,30.09,38.55,58.09,35.07
10/08/2015,30.63,37.74,57.81,34.72
10/09/2015,30.66,37.77,57.83,35.75
10/12/2015,30.72,38.47,58.17,36.04
10/13/2015,30.34,38.58,58.34,36.4
10/14/2015,30.02,39.26,58.93,37.61
10/15/2015,30.96,38.92,58.58,37.31
10/16/2015,31.21,38.77,58.42,36.8
10/19/2015,31.25,38.78,58.38,36.47
10/20/2015,31.18,38.17,58.02,36.96
10/21/2015,30.82,39.05,58.36,36.32
10/22/2015,31.82,39.03,58.42,36.24
10/23/2015,32.55,38.46,57.85,36.14
10/26/2015,32.39,38.92,58.12,36.04
10/27/2015,32.24,39.02,58.42,36.25
10/28/2015,32.98,38.79,57.77,35.68
10/29/2015,32.96,37.56,57.06,34.92
10/30/2015,32.65,38.05,57.28,34.68
11/02/2015,33.41,37.99,56.95,34.19
11/03/2015,33.61,37.2,56.64,33.23
11/04/2015,33.42,37.35,56.53,32.59
11/05/2015,33.35,37.01,56.44,32.42
11/06/2015,33.32,35.97,55.66,31.49
11/09/2015,32.7,35.5,55.45,31.66
11/10/2015,32.81,36,55.67,31.46
11/11/2015,32.58,35.6,55.62,31.23
11/12/2015,31.68,35.88,55.76,31.32
11/13/2015,30.96,36.18,56.11,31.13
11/16/2015,31.89,36.2,56.27,31.17
11/17/2015,31.82,36.4,56.24,30.38
11/18/2015,32.86,36.55,56.19,30.42
11/19/2015,32.8,37.11,56.42,31.09
11/20/2015,33.04,36.84,56.27,30.82
11/23/2015,32.97,36.95,56.37,30.34
11/24/2015,33.05,36.99,56.48,30.68
11/25/2015,33.05,37.3,56.54,30.42
11/27/2015,33.1,37.2,56.66,29.75
11/30/2015,32.85,37.5,56.77,30.09
12/01/2015,33.47,38.45,57.32,30.35
12/02/2015,32.78,38.47,57.06,29.43
12/03/2015,31.84,36.37,55.87,30.03
12/04/2015,33.09,36.96,56.23,31.38
12/07/2015,32.68,37.66,56.62,30.5
12/08/2015,32.25,37.72,56.62,30.65
12/09/2015,31.74,37.72,56.84,30.52
12/10/2015,31.91,37.71,56.64,30.5
12/11/2015,30.64,39.01,57.49,30.77
12/14/2015,30.98,37.52,56.68,29.91
12/15/2015,31.64,37.47,56.28,29.84
12/16/2015,32.54,37.44,56.03,30.48
12/17/2015,31.59,38.22,56.52,29.27
12/18/2015,30.4,38.67,56.91,30.01
12/21/2015,30.91,38.53,56.97,30.81
12/22/2015,31.38,37.8,56.46,30.43
12/23/2015,32.14,37.35,56.26,30.3
12/24/2015,32.01,37.35,56.33,30.65
12/28/2015,31.91,37.8,56.5,30.19
12/29/2015,32.57,36.75,55.88,30.18
12/30/2015,32.14,36.44,55.91,29.76
12/31/2015,31.5,36.63,56.13,29.73
01/04/2016,30.6,37.46,56.58,30.56
01/05/2016,30.73,37.28,56.53,30.8
01/06/2016,29.91,37.98,57.2,31.65
01/07/2016,28.48,38.09,57.41,32.48
01/08/2016,27.87,38.44,57.78,32.28
01/11/2016,27.89,37.62,57.36,31.59
01/12/2016,28.32,38.67,57.84,31.4
1/13/2016,26.93,39.48,58.38,31.73
1/14/2016,27.81,38.86,58.06,30.63
1/15/2016,26.61,40.17,58.6,31.27
1/19/2016,26.67,39.9,58.54,31.21
1/20/2016,26.04,40.81,59,31.97
1/21/2016,26.31,40.14,58.81,32.02
1/22/2016,27.38,39.82,58.48,31.78
1/25/2016,26.57,40.23,58.88,32.46
1/26/2016,27.26,40.4,58.96,33.18
1/27/2016,26.68,40.26,59.04,33.38
1/28/2016,26.97,40.37,59.21,32.79
1/29/2016,28.24,41.04,59.83,33
02/01/2016,28.26,40.84,59.57,33.67
02/02/2016,27.2,41.87,60.42,33.69
02/03/2016,27.54,41.65,60.27,34.52
02/04/2016,27.62,42.04,60.48,35.2
02/05/2016,26.6,42.17,60.65,36.33
02/08/2016,25.86,43.9,61.55,37.31
02/09/2016,25.83,43.97,61.56,37.18
02/10/2016,25.8,44.69,61.95,37.8
02/11/2016,25.17,45.35,62.5,40.75
02/12/2016,26.17,44.18,61.6,40.26
2/16/2016,27.03,43,61.2,37.76
2/17/2016,27.93,42.48,60.85,38.36
2/18/2016,27.71,43.49,61.43,40.16
2/19/2016,27.68,43.64,61.37,39.77
2/22/2016,28.47,43.55,61.34,38.36
2/23/2016,27.8,43.84,61.47,39.4
2/24/2016,28.03,43.65,61.48,39.59
2/25/2016,28.7,44.01,61.94,39.97
2/26/2016,28.57,43.22,61.31,39.18
2/29/2016,28.06,43.48,61.5,40.42
03/01/2016,29.45,41.97,60.55,39.85
03/02/2016,29.71,42.36,60.33,40.37
03/03/2016,29.92,42.64,60.42,41.85
03/04/2016,30.1,41.98,60.07,41.69
03/07/2016,30.19,42.1,59.79,41.99
03/08/2016,29.5,43.06,60.52,41.59
03/09/2016,29.8,42.26,60.02,40.91
03/10/2016,29.83,41.93,59.58,42.29
03/11/2016,30.82,41.2,59.23,40.8
3/14/2016,30.71,41.52,59.29,39.77
3/15/2016,30.65,41.66,59.4,39.7
3/16/2016,31,41.46,59.79,41.54
3/17/2016,31.37,42.21,60.02,41.06
3/18/2016,31.63,42.37,60.29,40.88
3/21/2016,31.71,41.56,59.9,40.37
3/22/2016,31.67,41.86,59.64,40.7
3/23/2016,31.2,42.66,60.1,38.76
3/24/2016,31.16,42.56,59.96,38.7
3/28/2016,31.19,42.57,60.19,38.81
3/29/2016,31.8,43.58,60.98,40.19
3/30/2016,32.06,42.68,60.88,39.19
3/31/2016,31.91,43.47,61.27,39.69
04/01/2016,32.32,43.17,61.24,39
04/04/2016,32.12,43.56,61.4,38.46
04/05/2016,31.48,44.5,61.8,39.45
04/06/2016,32.14,43.89,61.6,38.97
04/07/2016,31.37,44.9,62.27,40.13
04/08/2016,31.57,44.37,62,40.03
04/11/2016,31.4,44.18,62.03,41.06
04/12/2016,32,43.66,61.47,41.09
4/13/2016,32.62,44.04,61.56,40.17
4/14/2016,32.63,43.55,61.29,39
4/15/2016,32.53,44.14,61.66,39.6
4/18/2016,33,43.76,61.5,39.45
4/19/2016,33.2,43.64,61.39,40.72
4/20/2016,33.27,42.63,60.95,40.28
4/21/2016,32.91,42.09,60.49,40.64
4/22/2016,32.94,41.88,60.39,39.6
4/25/2016,32.78,41.57,60.28,39.79
4/26/2016,32.91,41.17,59.9,40.09
4/27/2016,33.04,41.92,60.6,40.27
4/28/2016,32.46,42.31,61.06,41.81
4/29/2016,32.1,42.55,60.89,43.46
05/02/2016,32.58,41.69,60.67,43.19
05/03/2016,32.02,42.69,61.31,42.99
05/04/2016,31.64,42.78,61.53,42.53
05/05/2016,31.67,43.92,61.81,42.3
05/06/2016,31.87,43.45,61.61,43.12
05/09/2016,31.95,43.81,61.81,41.35
05/10/2016,32.71,43.5,61.78,41.59
05/11/2016,32.11,44.13,61.97,42.17
05/12/2016,32.13,43.68,61.72,41.69
5/13/2016,31.57,44.53,62.09,41.96
5/16/2016,32.17,43.87,61.59,42.04
5/17/2016,31.6,44.01,61.55,42.39
5/18/2016,31.61,42.56,60.57,40.9
5/19/2016,31.39,43.07,60.61,40.68
5/20/2016,31.75,43.18,60.72,40.57
5/23/2016,31.67,43.2,60.88,40.46
5/24/2016,32.49,42.77,60.58,38.97
5/25/2016,32.91,43.17,60.51,38.74
5/26/2016,32.95,43.07,60.95,38.46
5/27/2016,33.22,42.91,60.67,37.85
5/31/2016,33.12,43.13,60.84,38.11
06/01/2016,33.26,43.38,60.76,38.04
06/02/2016,33.45,44.13,61.14,37.88
06/03/2016,33.24,45.2,62.22,39.95
06/06/2016,33.6,44.65,62.02,40.03
06/07/2016,33.68,44.95,62.1,39.95
06/08/2016,33.9,45.35,62.2,41.08
06/09/2016,33.81,45.87,62.45,41.58
06/10/2016,33.18,46.6,62.86,41.88
6/13/2016,32.66,46.86,63.1,42.54
6/14/2016,32.53,46.73,63.15,42.58
6/15/2016,32.43,47.01,63.4,43.22
6/16/2016,32.64,47.63,63.54,42.32
6/17/2016,32.38,46.89,63.18,43.45
6/20/2016,32.78,45.95,62.58,42.93
6/21/2016,32.98,45.65,62.28,41.25
6/22/2016,32.82,45.59,62.48,41.28
6/23/2016,33.66,44.67,61.91,40.77
6/24/2016,31.28,46.83,63.61,44.7
6/27/2016,30.12,49.27,64.67,45.25
6/28/2016,31.2,49.43,64.71,44.27
6/29/2016,32.28,48.78,64.41,44.63
6/30/2016,33.13,48.94,64.47,45.03
07/01/2016,33.28,50.59,64.88,46.39
07/05/2016,32.82,51.91,65.57,47.19
07/06/2016,33.21,51.92,65.5,47.78
07/07/2016,33.15,51.82,65.39,47.46
07/08/2016,34.15,52.65,65.59,47.79
07/11/2016,34.4,52.03,64.9,47.02
07/12/2016,34.89,50.01,64.05,45.53
7/13/2016,34.87,51.13,64.41,46.26
7/14/2016,35.26,49.73,63.98,45.64
7/15/2016,35.18,48.87,63.37,45.23
7/18/2016,35.37,48.72,63.36,45.41
7/19/2016,35.28,49.31,63.71,45.49
7/20/2016,35.59,48.87,63.44,44.15
7/21/2016,35.3,48.95,63.66,45.49
7/22/2016,35.64,49.03,63.55,44.81
7/25/2016,35.45,49.08,63.5,44.2
7/26/2016,35.46,49.26,63.62,44.61
7/27/2016,35.38,50.43,64.17,46.05
7/28/2016,35.46,50.23,64.11,45.77
7/29/2016,35.58,51.06,64.7,46.74
08/01/2016,35.51,49.83,64.22,46.87
08/02/2016,35.07,49.42,63.91,47.67
08/03/2016,35.28,49.17,64.02,47.16
08/04/2016,35.33,49.66,64.33,47.32
08/05/2016,35.89,48.63,63.48,45.66
08/08/2016,35.88,48.8,63.46,45.58
08/09/2016,35.9,49.88,63.89,45.9
08/10/2016,35.74,50.07,64.17,46.35
08/11/2016,36.05,49.2,63.51,45.64
08/12/2016,35.99,50.32,64.04,45.51
8/15/2016,36.2,49.13,63.65,45.8
8/16/2016,35.84,49.23,63.44,46.24
8/17/2016,35.95,49.45,63.63,46.34
8/18/2016,36.12,49.65,63.8,46.7
8/19/2016,36.02,49.32,63.42,45.92
8/22/2016,36.01,49.92,63.75,45.62
8/23/2016,36.13,50.02,63.66,45.67
8/24/2016,35.8,49.84,63.69,44.71
8/25/2016,35.73,49.33,63.49,44.57
8/26/2016,35.59,48.74,62.97,44.5
8/29/2016,35.92,50.13,63.55,44.61
8/30/2016,35.8,49.78,63.47,43.79
8/31/2016,35.62,49.81,63.35,43.64
09/01/2016,35.6,50.07,63.42,43.93
09/02/2016,35.92,49.14,63.17,44.73
09/06/2016,36.15,50,63.72,46.42
09/07/2016,36.15,49.75,63.82,46.04
09/08/2016,35.98,48.48,63.12,45.55
09/09/2016,34.23,46.91,62.56,44.93
09/12/2016,35.23,46.98,62.71,44.83
9/13/2016,34.21,45.91,62.17,44.15
9/14/2016,34.16,46.05,62.57,44.54
9/15/2016,34.87,45.72,62.47,43.93
9/16/2016,34.59,46.38,62.73,43.67
9/19/2016,34.6,46.13,62.56,43.86
9/20/2016,34.6,46.77,62.62,43.93
9/21/2016,35.32,47.2,62.81,45.27
9/22/2016,35.78,47.9,63.12,45.45
9/23/2016,35.39,47.83,63.2,45.53
9/26/2016,34.82,48.28,63.57,45.39
9/27/2016,35.24,48.95,63.78,44.74
9/28/2016,35.6,48.84,63.71,44.36
9/29/2016,34.96,49.03,63.77,44.5
9/30/2016,35.49,48.54,63.41,44.01
10/03/2016,35.28,47.85,63.23,43.8
10/04/2016,34.97,46.75,62.66,40.76
10/05/2016,35.25,46.51,62.32,40.7
10/06/2016,35.31,45.8,62.05,39.89
10/07/2016,35.05,45.88,62.29,39.98
10/10/2016,35.4,45.16,61.87,40.24
10/11/2016,34.54,45.01,61.92,39.79
10/12/2016,34.62,45.16,61.89,39.97
10/13/2016,34.38,45.42,62.25,40.19
10/14/2016,34.41,44.43,61.75,39.71
10/17/2016,34.19,44.95,61.99,39.89
10/18/2016,34.57,45.06,62.32,40.41
10/19/2016,34.74,45.16,62.26,40.83
10/20/2016,34.64,45.2,62.19,40.63
10/21/2016,34.65,45.44,62.31,40.66
10/24/2016,34.94,45.03,62.15,40.51
10/25/2016,34.73,45.15,62.16,41.24
10/26/2016,34.58,44.59,61.87,40.62
10/27/2016,34.41,43.74,61.41,40.82
10/28/2016,34.19,43.41,61.46,41.5
10/31/2016,34.18,43.89,61.58,41.33
11/01/2016,33.71,43.96,61.53,41.94
11/02/2016,33.28,44.45,61.87,42.53
11/03/2016,32.98,43.7,61.83,43.05
11/04/2016,32.89,44.5,62.18,43.04
11/07/2016,34.32,43.59,61.67,41.51
11/08/2016,34.63,43.25,61.24,41.14
11/09/2016,35.41,39.65,59.39,41.07
11/10/2016,35.56,38.48,58.65,39.83
11/11/2016,35.4,38.07,58.45,38.04
11/14/2016,35.46,37.6,57.72,37.47
11/15/2016,36,37.83,57.66,38.06
11/16/2016,35.88,38.67,57.78,37.84
11/17/2016,36.24,37.55,57.25,37.48
11/18/2016,36.09,37.23,56.71,36.79
11/21/2016,36.6,37.42,56.84,37.05
11/22/2016,36.76,37.51,56.94,37.02
11/23/2016,36.8,37.3,56.55,35.57
11/25/2016,37.07,37.26,56.47,35.12
11/28/2016,36.74,37.83,56.92,35.87
11/29/2016,36.87,38.16,57.14,35.54
11/30/2016,36.65,37.01,56.33,34.59
12/01/2016,36.38,36.15,55.83,34.48
12/02/2016,36.44,36.53,56.33,34.8
12/05/2016,36.87,36.58,56.44,34.38
12/06/2016,37.1,36.58,56.38,34.31
12/07/2016,38.05,37.11,56.73,34.6
12/08/2016,38.27,36.31,56.3,34.47
12/09/2016,38.71,35.37,55.71,33.73
12/12/2016,38.62,35.44,55.74,34
12/13/2016,39.14,35.81,55.81,33.76
12/14/2016,38.51,35.14,54.87,32.77
12/15/2016,38.78,35.15,54.57,31.88
12/16/2016,38.67,35.53,54.74,32.24
12/19/2016,38.8,35.95,55.21,32.6
12/20/2016,39.09,35.45,55.01,32.12
12/21/2016,38.87,35.94,55.04,32.17
12/22/2016,38.73,35.81,55.02,31.93
12/23/2016,38.83,35.89,55.16,32.14
12/27/2016,39.01,35.58,54.93,32.53
12/28/2016,38.39,36.17,55.14,32.7
12/29/2016,38.35,36.31,55.65,33.54
12/30/2016,38.07,36.51,56.09,33.2
01/03/2017,38.63,36.9,56,33.63
01/04/2017,39.09,37.2,55.87,33.94
01/05/2017,39.02,38.06,56.71,34.97
01/06/2017,39.3,37.42,56.25,34.45
01/09/2017,39.04,37.99,56.66,34.99
01/10/2017,39.03,37.99,56.65,35.25
01/11/2017,39.25,38.72,56.85,35.52
01/12/2017,39.07,38.14,56.8,35.72
1/13/2017,39.24,37.74,56.51,35.92
1/17/2017,38.96,38.63,57.13,36.9
1/18/2017,39.12,37.51,56.44,36.27
1/19/2017,38.85,37.08,55.99,36.22
1/20/2017,39.08,36.95,55.99,36.38
1/23/2017,38.91,37.78,56.62,36.85
1/24/2017,39.37,37.14,56.14,36.49
1/25/2017,40.04,36.28,55.64,35.92
1/26/2017,39.99,36.2,55.82,35.28
1/27/2017,39.89,36.82,55.93,35.37
1/30/2017,39.41,36.56,55.87,35.66
1/31/2017,39.39,36.98,56.24,36.62
02/01/2017,39.4,36.74,56.01,36.44
02/02/2017,39.42,36.53,56.05,36.82
02/03/2017,39.98,36.24,56.08,37.04
02/06/2017,39.84,37.03,56.67,37.93
02/07/2017,39.85,37.56,56.88,37.86
02/08/2017,39.96,38.52,57.26,38.2
02/09/2017,40.38,37.61,56.6,37.76
02/10/2017,40.7,37.62,56.54,37.87
2/13/2017,41.15,37.11,56.38,37.36
2/14/2017,41.5,36.8,55.95,37.46
2/15/2017,41.91,36.47,55.72,37.78
2/16/2017,41.86,37.05,56.19,38.19
2/17/2017,41.95,37.15,56.5,37.95
2/21/2017,42.45,37.19,56.39,37.97
2/22/2017,42.4,37.23,56.57,38.08
2/23/2017,42.47,37.39,56.8,38.7
2/24/2017,42.55,38.33,57.38,39.08
2/27/2017,42.7,37.89,56.96,38.89
2/28/2017,42.48,38.17,56.89,38.74
03/01/2017,43.6,36.84,56.13,38.73
03/02/2017,43.12,36.38,55.77,37.88
03/03/2017,43.14,36.75,55.81,37.81
03/06/2017,42.88,36.43,55.79,37.24
03/07/2017,42.64,36.25,55.65,36.67
03/08/2017,42.45,35.81,55.23,36.24
03/09/2017,42.56,35.26,54.99,35.78
03/10/2017,42.83,35.5,55.34,35.95
3/13/2017,42.89,35.09,54.97,36.06
3/14/2017,42.58,35.36,55.2,35.63
3/15/2017,43.28,36.14,55.93,36.96
3/16/2017,43.14,35.92,55.78,37.25
3/17/2017,42.97,36.26,56.09,37.3
3/20/2017,42.86,36.68,56.32,37.77
3/21/2017,41.77,37.32,56.73,38.36
3/22/2017,41.92,37.33,56.9,38.56
3/23/2017,41.82,37.31,56.77,38.47
3/24/2017,41.77,37.59,56.82,38.54
3/27/2017,41.66,37.92,57.02,38.98
3/28/2017,42.26,37.36,56.73,38.64
3/29/2017,42.36,37.74,57.01,38.86
3/30/2017,42.59,37.27,56.76,38.3
3/31/2017,42.42,37.39,56.92,38.45
04/03/2017,42.27,38.1,57.48,38.82
04/04/2017,42.34,37.68,57.38,39
04/05/2017,42.07,37.83,57.57,38.98
04/06/2017,42.26,37.84,57.5,38.81
04/07/2017,42.19,37.53,57.16,38.9
04/10/2017,42.24,37.82,57.26,38.89
04/11/2017,42.14,38.63,57.82,40.01
04/12/2017,41.79,38.99,58.33,40.57
4/13/2017,41.26,39.38,58.4,40.95
4/17/2017,41.96,39.19,58.29,40.75
4/18/2017,41.68,40.13,58.97,41.09
4/19/2017,41.54,39.61,58.7,40.38
4/20/2017,42.19,39.37,58.43,40.49
4/21/2017,41.95,39.26,58.58,40.68
4/24/2017,42.84,38.96,58.18,40.15
4/25/2017,43.33,37.96,57.6,39.37
4/26/2017,43.31,38.34,57.77,39.77
4/27/2017,43.36,38.39,57.98,39.43
4/28/2017,43.21,38.46,58.08,39.65
05/01/2017,43.39,37.83,57.87,38.9
05/02/2017,43.42,38.31,58.07,38.88
05/03/2017,43.31,38.28,58.08,37.85
05/04/2017,43.4,37.93,57.55,37.07
05/05/2017,43.77,37.96,57.55,37.19
05/08/2017,43.74,37.56,57.27,37.08
05/09/2017,43.65,37.47,57.08,36.7
05/10/2017,43.79,37.45,57.06,36.62
05/11/2017,43.62,37.47,57.19,36.9
05/12/2017,43.5,38.04,57.88,37.14
5/15/2017,43.91,37.75,57.65,37.33
5/16/2017,43.86,38.06,57.82,37.66
5/17/2017,42.32,39.35,58.72,39
5/18/2017,42.62,39.35,58.67,38.38
5/19/2017,43.19,39.49,58.58,38.69
5/22/2017,43.61,39.24,58.48,39.08
5/23/2017,43.8,38.74,58.33,38.48
5/24/2017,44,39.1,58.53,38.88
5/25/2017,44.39,39.15,58.5,38.74
5/26/2017,44.41,39.3,58.56,39.43
5/30/2017,44.33,39.55,58.77,39.19
5/31/2017,44.31,39.83,58.92,39.47
06/01/2017,44.97,39.83,58.76,39.52
06/02/2017,45.27,40.84,59.49,40.09
06/05/2017,45.23,40.34,59.21,40.18
06/06/2017,44.97,40.76,59.64,41.05
06/07/2017,45.09,40.31,59.32,40.64
06/08/2017,45.15,40.2,59.17,40.07
06/09/2017,45,40.14,59.08,39.36
06/12/2017,44.97,40.04,59.05,39.22
6/13/2017,45.4,40.03,59.01,39.33
6/14/2017,45.32,41.17,59.66,38.87
6/15/2017,45.12,41.11,59.4,38.53
6/16/2017,45.13,41.23,59.58,38.52
6/19/2017,45.86,41.23,59.24,37.99
6/20/2017,45.27,41.84,59.54,37.81
6/21/2017,45.18,41.92,59.35,38
6/22/2017,45.14,42.01,59.43,38.18
6/23/2017,45.26,41.99,59.48,38.64
6/26/2017,45.28,42.37,59.61,37.88
6/27/2017,44.59,41.42,58.96,38.12
6/28/2017,45.33,41.13,58.81,38.23
6/29/2017,44.59,40.51,58.45,37.92
6/30/2017,44.73,40.34,58.15,37.68
07/03/2017,44.89,39.84,57.66,36.39
07/05/2017,45.05,39.92,57.86,36.71
07/06/2017,44.26,39.29,57.52,36.68
07/07/2017,44.82,38.84,57.39,35.91
07/10/2017,44.91,39.03,57.56,36.04
07/11/2017,44.82,39.03,57.7,36.15
07/12/2017,45.5,39.74,57.99,36.3
7/13/2017,45.64,39.09,57.87,36.24
7/14/2017,46.05,39.33,58.1,36.82
7/17/2017,46.06,39.47,58.17,37.16
7/18/2017,46.11,40.05,58.59,37.66
7/19/2017,46.59,40.26,58.58,37.6
7/20/2017,46.62,40.5,58.6,37.73
7/21/2017,46.56,40.85,58.66,38.38
7/24/2017,46.52,40.44,58.71,38.43
7/25/2017,46.72,39.39,58.12,38.15
7/26/2017,46.76,39.33,58.45,38.82
7/27/2017,46.67,39.15,58.3,38.71
7/28/2017,46.54,39.53,58.5,39.3
7/31/2017,46.49,39.66,58.46,39.32
08/01/2017,46.67,40.26,58.78,39.27
08/02/2017,46.71,40.36,58.7,39.09
08/03/2017,46.57,41.04,59.13,39.23
08/04/2017,46.71,40.48,58.68,38.59
08/07/2017,46.87,40.45,58.77,38.51
08/08/2017,46.67,40.17,58.6,38.74
08/09/2017,46.61,40.61,59,39.67
08/10/2017,45.34,41.31,59.26,40.23
08/11/2017,45.43,41.3,59.41,40.68
8/14/2017,46.34,41.1,59.25,40.04
8/15/2017,46.33,40.56,58.73,39.41
8/16/2017,46.48,40.9,59.07,40.01
8/17/2017,45.04,41.45,59.32,40.39
8/18/2017,44.88,41.5,59.4,40.3
8/21/2017,44.96,41.49,59.55,40.57
8/22/2017,45.85,41.27,59.24,40.19
8/23/2017,45.56,41.86,59.68,40.51
8/24/2017,45.35,41.56,59.47,40.29
8/25/2017,45.55,41.93,59.61,40.51
8/28/2017,45.57,41.82,59.63,41.82
8/29/2017,45.63,42.14,59.98,41.59
8/30/2017,46.07,42.06,59.83,41.53
8/31/2017,46.64,42.35,60.07,42.58
09/01/2017,46.78,41.64,59.75,42.64
09/05/2017,46.09,43.03,60.61,43.66
09/06/2017,46.39,42.43,60.26,43.2
09/07/2017,46.38,43.31,60.8,44.09
09/08/2017,46.25,43.1,60.67,43.97
09/11/2017,47.21,42.09,59.96,42.71
09/12/2017,47.55,41.66,59.75,42.95
9/13/2017,47.6,41.37,59.4,42.34
9/14/2017,47.57,41.69,59.5,42.68
9/15/2017,47.71,41.71,59.26,42.27
9/18/2017,47.89,41.23,59.06,41.47
9/19/2017,47.96,41.1,58.94,41.58
9/20/2017,48,40.89,58.64,40.94
9/21/2017,47.74,41.14,58.6,40.29
9/22/2017,47.76,41.25,58.78,40.65
9/25/2017,47.56,41.84,59.16,41.61
9/26/2017,47.61,41.69,59.01,40.66
9/27/2017,47.93,40.26,58.35,39.86
9/28/2017,48.04,40.03,58.38,40.01
9/29/2017,48.37,40.18,58.11,39.6
10/02/2017,48.76,40.03,58,39.08
10/03/2017,49,40.12,58.16,39.11
10/04/2017,49.12,40.04,58.16,39.33
10/05/2017,49.67,39.82,58.01,38.89
10/06/2017,49.57,39.58,57.86,39.26
10/09/2017,49.41,39.8,57.95,39.89
10/10/2017,49.65,39.94,57.99,40.1
10/11/2017,49.79,40.11,58.05,40.36
10/12/2017,49.63,40.47,58.2,40.41
10/13/2017,49.76,40.96,58.65,41.05
10/16/2017,49.9,40.97,58.46,40.44
10/17/2017,49.97,41.08,58.42,39.89
10/18/2017,50.04,40.42,58.05,39.59
10/19/2017,50.06,40.81,58.27,40.02
10/20/2017,50.58,39.76,57.71,39.54
10/23/2017,50.19,39.92,57.82,39.65
10/24/2017,50.35,39.42,57.52,39.29
10/25/2017,49.86,39.05,57.36,39.35
10/26/2017,49.97,38.81,57.36,38.67
10/27/2017,50.77,39.27,57.45,39.02
10/30/2017,50.41,39.99,57.88,39.23
10/31/2017,50.56,40.12,57.95,38.86
11/01/2017,50.7,40.4,57.87,39.17
11/02/2017,50.73,40.81,58.06,39.26
11/03/2017,51.05,41.03,58.18,38.86
11/06/2017,51.18,41.28,58.45,39.51
11/07/2017,51.17,41.62,58.49,39.22
11/08/2017,51.33,41.42,58.37,39.51
11/09/2017,50.94,41.17,58.21,39.81
11/10/2017,50.9,39.98,57.54,39.18
11/13/2017,50.98,40.18,57.7,39.24
11/14/2017,50.75,40.63,57.84,39.41
11/15/2017,50.23,41.61,58.05,39.28
11/16/2017,51.05,40.85,57.89,39.3
11/17/2017,50.77,41.45,58.01,40.23
11/20/2017,50.92,41.41,57.84,39.22
11/21/2017,51.58,41.64,57.86,39.38
11/22/2017,51.51,41.92,58.11,40.09
11/24/2017,51.73,41.66,58.08,39.86
11/27/2017,51.69,41.49,58.18,40.22
11/28/2017,52.7,41.62,58.13,40.19
11/29/2017,52.66,40.82,57.77,39.58
11/30/2017,53.53,40.56,57.4,39.06
12/01/2017,53.32,41.68,57.93,39.37
12/04/2017,53.19,41.69,57.81,39.09
12/05/2017,52.83,42.11,57.9,38.54
12/06/2017,52.83,42.44,58.1,38.36
12/07/2017,53.16,41.71,57.88,37.37
12/08/2017,53.72,41.69,57.8,37.37
12/11/2017,54.06,41.54,57.75,37
12/12/2017,54.26,41.49,57.62,37.1
12/13/2017,54.22,42.13,58.1,37.79
12/14/2017,53.78,42.49,58.13,37.66
12/15/2017,54.67,42.82,58.04,37.82
12/18/2017,55.34,42,57.74,38.2
12/19/2017,54.96,40.96,57.21,38.19
12/20/2017,54.87,39.98,56.85,38.4
12/21/2017,55.06,40.47,56.96,38.6
12/22/2017,55.04,40.6,56.95,38.93
12/26/2017,54.82,40.62,56.84,39.45
12/27/2017,54.88,41.7,57.3,39.7
12/28/2017,55.09,41.63,57.19,40.12
12/29/2017,54.72,41.79,57.41,40.67
01/02/2018,55.46,40.89,57.09,41.59
01/03/2018,56.12,41.25,57.14,41.23
01/04/2018,56.62,41.23,57.05,41.72
01/05/2018,57.33,40.96,56.82,41.68
01/08/2018,57.55,40.91,56.81,41.62
01/09/2018,57.81,39.78,56.35,41.22
01/10/2018,57.62,39.73,56.29,41.51
01/11/2018,58.43,40.03,56.42,41.7
01/12/2018,59.2,40.2,56.24,42.73
1/16/2018,58.79,40.49,56.31,42.83
1/17/2018,59.93,40.36,56.04,42.17
1/18/2018,59.72,39.6,55.74,41.92
1/19/2018,60.24,39.16,55.39,42.33
1/22/2018,61.2,39.25,55.38,42.47
1/23/2018,61.46,39.58,55.68,42.88
1/24/2018,61.43,39.15,55.47,43.96
1/25/2018,61.45,39.82,55.72,43.27
1/26/2018,62.86,39.42,55.38,43.42
1/29/2018,62.02,38.97,55.14,42.96
1/30/2018,60.71,38.49,54.83,42.55
1/31/2018,60.83,39.03,54.73,43.27
02/01/2018,60.67,37.82,54.19,43.18
02/02/2018,58.03,37.08,53.91,42.1
02/05/2018,53.32,37.83,54.6,42.41
02/06/2018,55.25,37.38,54.34,41.49
02/07/2018,54.61,36.53,53.92,41.14
02/08/2018,50.57,36.56,54.03,41.36
02/09/2018,52.11,36.05,53.94,41.07
02/12/2018,53.52,36.38,53.81,41.64
2/13/2018,53.83,36.69,53.99,42.03
2/14/2018,55.29,35.91,53.27,43.48
2/15/2018,56.66,36.13,53.36,43.57
2/16/2018,56.69,36.49,53.54,43.2
2/20/2018,56.01,36.16,53.45,42.08
2/21/2018,55.39,35.29,53.07,41.65
2/22/2018,55.52,35.51,53.26,42.13
2/23/2018,57.31,36.14,53.66,41.95
2/26/2018,58.65,36.14,53.73,42.17
2/27/2018,57.17,36.08,53.48,41.24
2/28/2018,55.92,36.55,53.67,41.15
03/01/2018,54.4,37.01,54.2,40.95
03/02/2018,54.96,36.38,53.73,41.45
03/05/2018,56.21,36.21,53.69,41.24
03/06/2018,56.49,36.24,53.62,42.33
03/07/2018,56.42,36.2,53.59,41.6
03/08/2018,56.95,36.58,53.78,41.45
03/09/2018,58.91,36.07,53.59,41.45
03/12/2018,58.8,36.54,53.83,41.57
3/13/2018,58.05,36.92,54.02,41.73
3/14/2018,57.43,37.53,54.23,41.59
3/15/2018,57.31,37.53,54.15,41.03
3/16/2018,57.42,37.24,54.17,40.88
3/19/2018,55.88,37.04,53.95,41.07
3/20/2018,56.05,36.7,53.75,40.67
3/21/2018,55.72,36.71,53.58,42.09
3/22/2018,52.96,37.39,54.18,41.77
3/23/2018,50.68,37.3,54.25,42.85
3/26/2018,53.48,37.08,53.89,43.48
3/27/2018,51.58,37.85,54.51,42.79
3/28/2018,51.32,37.99,54.47,41.55
3/29/2018,52.74,38.46,54.85,41.55
04/02/2018,50.36,38.51,54.89,42.6
04/03/2018,51.61,37.89,54.41,41.89
04/04/2018,52.77,37.76,54.36,42
04/05/2018,53.53,37.26,54.21,41.55
04/06/2018,51.17,38.02,54.6,42
04/09/2018,51.59,38.11,54.58,42.18
04/10/2018,53.25,37.96,54.35,42.56
04/11/2018,52.72,38.28,54.5,43.06
04/12/2018,53.54,37.7,54.1,42.01
4/13/2018,53.25,37.86,54.14,42.61
4/16/2018,54.11,37.84,54,42.84
4/17/2018,55.25,38.15,54.22,42.81
4/18/2018,55.34,37.46,53.81,42.85
4/19/2018,54.69,36.75,53.41,42.64
4/20/2018,53.79,36.33,53.11,42.08
4/23/2018,53.76,36.33,52.9,41.35
4/24/2018,52.33,36.01,52.82,41.77
4/25/2018,52.56,35.53,52.57,41.2
4/26/2018,53.6,36.04,52.88,40.91
4/27/2018,53.72,36.56,53.08,41.26
4/30/2018,52.85,36.75,53.19,40.72
05/01/2018,53.08,36.46,52.97,40.04
05/02/2018,52.34,36.35,53.07,40.04
05/03/2018,52.1,36.64,53.24,40.5
05/04/2018,53.44,36.75,53.25,40.61
05/07/2018,53.76,36.76,53.22,40.62
05/08/2018,53.77,36.61,53.03,40.62
05/09/2018,54.83,36.22,52.79,40.46
05/10/2018,55.83,36.72,53.02,41
05/11/2018,56.06,36.76,52.98,40.88
5/14/2018,56.19,36.52,52.79,40.53
5/15/2018,55.42,35.64,52.1,39.22
5/16/2018,55.91,35.37,51.95,39.04
5/17/2018,55.81,35.01,51.94,39.11
5/18/2018,55.54,35.64,52.31,39.17
5/21/2018,56.33,35.59,52.37,39.17
5/22/2018,56.01,35.55,52.36,39.17
5/23/2018,56.34,36.1,52.79,39.24
5/24/2018,56.11,36.6,53.01,39.92
5/25/2018,55.82,37.1,53.47,39.67
5/29/2018,54.58,38.69,54.65,39.62
5/30/2018,55.96,37.91,54.17,39.73
5/31/2018,55.18,38.03,54.09,39.73
06/01/2018,56.34,37.61,53.72,39.14
06/04/2018,56.88,37.06,53.34,39.01
06/05/2018,57.02,37.32,53.6,39.39
06/06/2018,57.94,36.67,53.17,39.38
06/07/2018,57.87,37.21,53.6,39.36
06/08/2018,58.22,37.09,53.45,39.47
06/11/2018,58.36,36.95,53.33,39.59
06/12/2018,58.55,37.02,53.24,39.31
6/13/2018,58.09,36.83,53.01,39.53
6/14/2018,58.42,37.53,53.37,39.7
6/15/2018,58.26,37.61,53.51,38.32
6/18/2018,58.02,37.52,53.63,38.19
6/19/2018,57.57,37.97,53.85,38
6/20/2018,57.67,37.16,53.33,37.65
6/21/2018,56.92,37.53,53.64,37.53
6/22/2018,57.1,37.55,53.59,37.63
6/25/2018,55.55,37.65,53.71,37.39
6/26/2018,55.78,37.75,53.78,36.99
6/27/2018,54.84,38.53,54.13,36.58
6/28/2018,55.49,38.42,54.05,36.39
6/29/2018,55.65,38.23,54.02,36.56
07/02/2018,55.91,38.2,53.98,35.88
07/03/2018,55.43,38.57,54.13,36.85
07/05/2018,56.35,38.82,54.16,36.84
07/06/2018,57.25,39.07,54.25,36.72
07/09/2018,58.31,38.57,54,36.91
07/10/2018,58.69,38.52,53.9,36.72
07/11/2018,57.88,38.84,54.1,35.96
07/12/2018,58.88,38.73,54.01,36.22
7/13/2018,58.97,39.03,54.23,35.92
7/16/2018,58.86,38.65,54.05,35.86
7/17/2018,59.38,38.51,53.89,35.06
7/18/2018,59.6,38.21,53.92,35.1
7/19/2018,59.16,38.6,54.14,34.78
7/20/2018,59.01,37.73,53.8,35.24
7/23/2018,59.22,36.84,53.26,34.92
7/24/2018,59.77,37.14,53.31,34.93
7/25/2018,60.86,36.92,53.24,35.32
7/26/2018,60.49,36.74,53.14,34.78
7/27/2018,59.69,36.87,53.27,34.82
7/30/2018,59.02,36.65,53.15,34.67
7/31/2018,59.59,37.09,53.25,34.87
08/01/2018,59.45,36.49,52.95,34.37
08/02/2018,60.01,36.6,53.11,33.96
08/03/2018,60.59,36.85,53.37,34.25
08/06/2018,61.02,36.96,53.2,33.85
08/07/2018,61.38,36.58,53.2,34.02
08/08/2018,61.32,36.63,53.2,34.24
08/09/2018,61.16,37.27,53.58,34.09
08/10/2018,60.31,37.81,54.02,34.04
8/13/2018,59.84,37.66,54.04,33.02
8/14/2018,60.62,37.42,53.86,33.1
8/15/2018,59.71,37.87,54.16,31.98
8/16/2018,60.68,37.77,54.14,31.97
8/17/2018,61.05,38,54.13,32.52
8/20/2018,61.35,38.48,54.51,32.85
8/21/2018,61.59,38.21,54.32,33.05
8/22/2018,61.55,38.45,54.53,33.17
8/23/2018,61.36,38.63,54.53,32.56
8/24/2018,62.09,38.73,54.54,33.65
8/27/2018,63.05,38.35,54.23,33.95
8/28/2018,63.12,37.85,54.1,33.44
8/29/2018,63.81,37.93,54.04,33.67
8/30/2018,63.25,38.11,54.2,33.37
8/31/2018,63.26,37.92,54.22,33.26
09/04/2018,63.07,37.44,54.02,32.95
09/05/2018,62.67,37.36,53.94,33.12
09/06/2018,62.32,37.55,54.16,33.31
09/07/2018,62.04,36.87,53.71,33.08
09/10/2018,62.25,37.15,53.69,33.04
09/11/2018,62.7,36.6,53.32,33.06
09/12/2018,62.72,36.84,53.44,33.61
9/13/2018,63.41,36.87,53.42,33.36
9/14/2018,63.44,36.55,53.23,32.93
9/17/2018,62.75,36.56,53.24,33.27
9/18/2018,63.43,35.77,52.66,33.14
9/19/2018,63.56,35.37,52.57,33.42
9/20/2018,64.55,35.64,52.63,33.63
9/21/2018,64.47,35.64,52.59,33.18
9/24/2018,64.04,35.47,52.49,33.15
9/25/2018,63.89,35.34,52.39,33.27
9/26/2018,63.43,35.72,52.41,32.91
9/27/2018,63.78,35.74,52.53,32.36
9/28/2018,63.76,35.56,52.58,32.75
10/01/2018,64.21,35.03,52.24,32.6
10/02/2018,64.14,35.48,52.5,33.38
10/03/2018,64.23,34.22,51.81,33.06
10/04/2018,63.22,33.74,51.51,33.15
10/05/2018,62.52,33.13,51.24,33.35
10/08/2018,62.43,32.95,51.26,32.56
10/09/2018,62.29,33.57,51.38,32.63
10/10/2018,58.29,33.4,51.45,32.74
10/11/2018,55.73,34.22,51.9,34.42
10/12/2018,57.3,33.96,51.76,34.1
10/15/2018,56.67,33.94,51.82,34.53
10/16/2018,59.1,34.03,51.8,34.5
10/17/2018,59.1,33.63,51.53,34.4
10/18/2018,57.42,33.63,51.67,34.47
10/19/2018,57.31,33.46,51.53,34.55
10/22/2018,56.79,33.38,51.61,34.34
10/23/2018,56.19,33.59,51.82,34.72
10/24/2018,52.81,34.1,52.35,34.88
10/25/2018,54.68,33.82,52.05,34.75
10/26/2018,52.74,34.23,52.54,34.92
10/29/2018,52.15,34.2,52.53,34.66
10/30/2018,53.68,33.71,52.28,34.31
10/31/2018,54.83,33.35,52.06,33.93
11/01/2018,55.93,33.46,52.15,34.86
11/02/2018,55.32,32.6,51.59,34.85
11/05/2018,55.9,32.84,51.64,34.72
11/06/2018,56.6,32.85,51.52,34.45
11/07/2018,58.99,32.87,51.51,34.41
11/08/2018,58.77,32.83,51.32,34.28
11/09/2018,57.7,33.3,51.69,33.49
11/12/2018,55.44,33.83,52.03,33.03
11/13/2018,55.26,33.7,52.11,33.04
11/14/2018,54.46,33.8,52.29,33.57
11/15/2018,55.6,33.74,52.37,33.68
11/16/2018,55.89,34.16,52.74,34.11
11/19/2018,54,34.34,52.86,34.23
11/20/2018,52.01,34.34,52.83,34.13
11/21/2018,52.33,34.2,52.84,34.33
11/23/2018,51.68,34.46,52.86,34.2
11/26/2018,53.27,34.26,52.79,34.16
11/27/2018,53.62,34.32,52.86,33.72
11/28/2018,56.04,33.99,52.84,33.99
11/29/2018,55.85,34.25,53.04,34.2
11/30/2018,56.55,34.38,53.36,34.08
12/03/2018,57.99,34.89,53.49,34.58
12/04/2018,54.31,36.15,53.98,34.97
12/06/2018,54.14,36.33,54.27,35.01
12/07/2018,51.56,36.46,54.56,35.54
12/10/2018,51.69,36.82,54.63,35.31
12/11/2018,51.74,36.78,54.35,35.24
12/12/2018,52.27,36.44,54.09,35.4
12/13/2018,52.23,36.28,54.09,35.23
12/14/2018,50.26,36.48,54.28,34.9
12/17/2018,48.23,36.92,54.61,35.34
12/18/2018,48.17,37.41,54.85,35.53
12/19/2018,46.71,38.38,55.25,35.11
12/20/2018,45.21,38.07,55.09,36.18
12/21/2018,43.3,37.98,55.13,35.88
12/24/2018,40.91,38.36,55.44,36.61
12/26/2018,44.92,37.41,54.59,36.5
12/27/2018,45.8,37.41,54.88,36.7
12/28/2018,45.58,37.97,55.43,37.22
12/31/2018,46.41,38.44,55.79,37.41
01/02/2019,46.47,38.73,56.08,37.37
01/03/2019,44.17,39.63,56.92,38.24
01/04/2019,47.22,38.73,56,37.41
01/07/2019,47.9,38.48,55.7,37.62
01/08/2019,48.78,38.27,55.43,37.36
01/09/2019,49.23,38.09,55.45,37.91
01/10/2019,49.61,37.64,55.41,37.45
01/11/2019,49.59,37.92,55.68,37.55
1/14/2019,49.04,37.63,55.64,37.73
1/15/2019,50.16,37.35,55.55,37.56
1/16/2019,50.35,37.42,55.43,37.81
1/17/2019,51.09,37.46,55.27,37.69
1/18/2019,52.44,37.06,54.93,37.03
1/22/2019,51.08,37.55,55.27,37.25
1/23/2019,51.22,37.5,55.26,37.16
1/24/2019,51.3,37.94,55.53,37.02
1/25/2019,52.15,37.64,55.27,38.09
1/28/2019,51.4,37.55,55.31,38.38
1/29/2019,51.21,37.9,55.61,38.78
1/30/2019,52.83,37.83,55.86,39.25
1/31/2019,53.71,38.47,56.34,39.26
02/01/2019,53.82,37.99,55.76,39.14
02/04/2019,54.58,37.69,55.56,38.78
02/05/2019,55.02,38.02,55.71,38.96
02/06/2019,54.83,38.04,55.84,38.45
02/07/2019,53.8,38.53,56.17,38.61
02/08/2019,53.91,38.9,56.28,38.89
02/11/2019,53.97,38.6,56.1,38.53
02/12/2019,55.37,38.35,55.93,38.7
2/13/2019,55.69,38.08,55.68,38.35
2/14/2019,55.42,38.45,56.15,38.73
2/15/2019,56.63,38.61,56.03,39.25
2/19/2019,56.84,38.82,56.19,40.42
2/20/2019,57.05,38.61,56.2,40.3
2/21/2019,56.63,37.92,55.88,39.35
2/22/2019,57.32,38.33,56.13,39.62
2/25/2019,57.52,38.11,56.04,39.54
2/26/2019,57.38,38.5,56.31,39.64
2/27/2019,57.34,37.63,55.94,39.11
2/28/2019,57.05,37.35,55.68,38.65
03/01/2019,57.86,36.67,55.26,37.28
03/04/2019,57.38,37.27,55.6,37.1
03/05/2019,57.22,37.43,55.63,37.17
03/06/2019,56.49,37.68,55.93,37.12
03/07/2019,55.56,38.13,56.33,37
03/08/2019,55.33,38.51,56.49,37.82
03/11/2019,56.96,38.24,56.46,37.43
03/12/2019,57.32,38.74,56.7,37.9
3/13/2019,58.1,38.57,56.63,38.41
3/14/2019,58.02,38.06,56.52,37.56
3/15/2019,58.58,38.52,56.78,37.88
3/18/2019,59.02,38.54,56.71,37.93
3/19/2019,59.04,38.38,56.67,38.14
3/20/2019,58.49,38.97,57.08,38.61
3/21/2019,59.83,39.13,56.99,38.3
3/22/2019,57.52,40.4,57.81,38.49
3/25/2019,57.45,40.5,58.13,39.07
3/26/2019,58.26,40.4,58.13,38.68
3/27/2019,57.68,41.15,58.41,38.26
3/28/2019,58.15,41.42,58.36,37.14
3/29/2019,58.9,41.31,58.18,37.24
04/01/2019,60.22,40.17,57.37,36.94
04/02/2019,60.27,40.27,57.59,37.17
04/03/2019,60.49,39.59,57.23,37.08
04/04/2019,60.77,39.79,57.29,37.26
04/05/2019,61.29,39.92,57.37,37.16
04/08/2019,61.43,39.62,57.16,37.52
04/09/2019,60.77,39.89,57.38,37.89
04/10/2019,61.17,40.06,57.64,38.08
04/11/2019,61.14,39.6,57.37,37.1
04/12/2019,61.96,39.02,56.82,37.03
4/15/2019,61.88,39.4,56.95,36.89
4/16/2019,61.94,38.77,56.63,36.2
4/17/2019,61.64,38.78,56.59,36.05
4/18/2019,61.85,39.11,56.88,36.09
4/22/2019,61.94,38.76,56.67,36.08
4/23/2019,63.07,38.91,56.86,35.91
4/24/2019,62.79,39.56,57.3,36.14
4/25/2019,62.68,39.41,57.15,36.22
4/26/2019,63.27,39.71,57.44,36.71
4/29/2019,63.43,39.27,57.19,36.37
4/30/2019,63.45,39.59,57.44,36.58
05/01/2019,62.57,39.91,57.4,36.08
05/02/2019,62.27,39.52,57.05,35.79
05/03/2019,63.44,39.73,57.2,36.22
05/06/2019,62.92,39.98,57.48,36.33
05/07/2019,60.82,40.6,57.87,36.58
05/08/2019,60.65,40.22,57.63,36.37
05/09/2019,60.25,40.55,57.92,36.54
05/10/2019,60.79,40.45,57.84,36.65
5/13/2019,57.8,41.07,58.42,37.43
5/14/2019,58.83,40.82,58.26,37.26
5/15/2019,59.47,41.32,58.65,37.23
5/16/2019,60.58,41,58.45,36.67
5/17/2019,59.82,41.23,58.51,36.13
5/20/2019,59.04,41.08,58.27,36.12
5/21/2019,60.05,40.89,58.13,35.94
5/22/2019,59.71,41.37,58.49,35.86
5/23/2019,58.24,42.29,59.16,36.42
5/24/2019,58.44,42.34,59.13,36.48
5/28/2019,57.36,42.99,59.58,36.17
5/29/2019,56.62,43.2,59.6,36.21
5/30/2019,56.86,43.95,60.05,36.69
5/31/2019,55.34,45.09,60.82,37.69
06/03/2019,55.03,45.66,61.39,38.8
06/04/2019,57.41,44.62,60.9,38.87
06/05/2019,58.4,44.06,60.95,39.01
06/06/2019,59.17,44.38,60.88,39.25
06/07/2019,60.33,45.16,61.36,39.68
06/10/2019,60.92,44.31,60.74,38.9
06/11/2019,60.87,44.4,60.76,38.81
06/12/2019,60.66,44.46,61.04,39.17
6/13/2019,61.19,44.73,61.31,39.65
6/14/2019,60.97,44.86,61.4,39.63
6/17/2019,61.07,45.07,61.37,39.57
6/18/2019,62.24,45.55,61.61,39.95
6/19/2019,62.6,45.69,61.93,40.47
6/20/2019,63.74,45.88,62.14,42.54
6/21/2019,63.58,44.92,61.63,43.1
6/24/2019,63.42,45.55,62.05,44.34
6/25/2019,62.02,45.69,62.11,44.51
6/26/2019,61.87,45.06,61.56,43.69
6/27/2019,62.34,45.64,61.9,43.62
6/28/2019,63.01,45.6,61.95,43.8
07/01/2019,64.05,45.4,61.79,42.13
07/02/2019,64.4,46.06,62.26,43.89
07/03/2019,65.39,46.66,62.49,44.11
07/05/2019,65.23,45.47,61.63,43.09
07/08/2019,64.51,45.58,61.53,42.56
07/09/2019,64.72,45.53,61.4,42.84
07/10/2019,65.27,45.02,61.51,44.17
07/11/2019,65.56,43.78,60.89,43.46
07/12/2019,66.17,43.97,61.02,43.97
7/15/2019,66.2,44.44,61.26,43.96
7/16/2019,65.75,44.14,60.97,43.21
7/17/2019,64.85,45.08,61.57,44.63
7/18/2019,65.32,45.12,61.81,45.87
7/19/2019,64.58,44.92,61.64,44.54
7/22/2019,64.89,45.01,61.64,44.5
7/23/2019,65.8,44.52,61.45,44.02
7/24/2019,66.4,44.91,61.63,44.46
7/25/2019,65.77,44.5,61.39,43.8
7/26/2019,66.64,44.73,61.39,43.94
7/29/2019,66.42,44.7,61.5,44.51
7/30/2019,66.09,44.92,61.54,44.82
7/31/2019,64.59,45.7,61.87,43.67
08/01/2019,63.44,47.49,63.22,45.72
08/02/2019,62.62,48.29,63.45,45.43
08/05/2019,58.86,50.03,64.55,46.65
08/06/2019,60.39,50.75,64.73,47.39
08/07/2019,60.43,50.89,64.72,48.8
08/08/2019,62.74,50.91,64.75,49.31
08/09/2019,61.93,50.76,64.57,48.99
08/12/2019,60.44,52.9,65.4,49.94
8/13/2019,62.25,52.6,64.9,49.24
8/14/2019,58.61,54.92,65.75,49.95
8/15/2019,58.92,56.11,66.59,50.58
8/16/2019,60.65,55.23,66.25,49.95
8/19/2019,62.11,53.7,65.62,48.74
8/20/2019,61.13,54.73,66.19,49.5
8/21/2019,62.09,54.05,65.82,49.2
8/22/2019,62.04,53.24,65.51,48.92
8/23/2019,58.84,55.06,66.47,50.83
8/26/2019,60.13,54.69,66.26,50.87
8/27/2019,59.65,56.34,66.81,51.8
8/28/2019,60.49,56.42,66.87,51.55
8/29/2019,62.04,56.01,66.62,50.77
8/30/2019,61.98,56.08,66.62,50.5
09/03/2019,61.26,56.08,66.9,51.91
09/04/2019,62.61,56.29,67.13,52.55
09/05/2019,64.25,54.33,66.05,49.99
09/06/2019,64.33,55.01,66.13,49.15
09/09/2019,64.38,53.09,65.32,48.82
09/10/2019,64.39,51.16,64.38,47.96
09/11/2019,65.27,51.07,64.22,48.58
09/12/2019,65.72,50.35,63.94,48.74
9/13/2019,65.61,48.22,62.76,47.92
9/16/2019,65.2,49.39,63.28,48.71
9/17/2019,65.51,50,63.59,48.93
9/18/2019,65.61,50.42,63.66,48.28
9/19/2019,65.57,50.68,63.65,48.66
9/20/2019,64.89,52,64.35,49.84
9/23/2019,64.91,51.99,64.51,50.38
9/24/2019,63.87,53.3,65.22,50.92
9/25/2019,64.59,51.53,64.19,49
9/26/2019,64.36,52.22,64.47,49
9/27/2019,63.65,52.49,64.65,48.46
9/30/2019,64.22,52.73,64.75,46.94
10/01/2019,62.7,53.07,65.1,47.45
10/02/2019,60.5,53.3,65.55,48.58
10/03/2019,61.42,54.26,66.25,48.95
10/04/2019,63.08,55.02,66.45,48.95
10/07/2019,62.56,54.15,66.04,48.11
10/08/2019,60.61,54.41,66.32,49.01
10/09/2019,61.71,53.78,65.93,49.03
10/10/2019,62.55,52.14,65.07,48.14
10/11/2019,63.87,50.92,64.22,47.59
10/14/2019,63.75,51.64,64.61,48
10/15/2019,64.98,50.32,63.92,47.28
10/16/2019,64.76,50.46,64.23,47.78
10/17/2019,65.1,50.25,64.12,47.93
10/18/2019,64.54,50.24,64.21,47.86
10/21/2019,65.46,49.48,63.74,47.37
10/22/2019,64.97,50.07,64.04,47.62
10/23/2019,65.36,50.16,64.07,47.89
10/24/2019,65.58,49.92,64.03,48.56
10/25/2019,66.11,49.46,63.74,48.77
10/28/2019,66.86,48.57,63.36,47.92
10/29/2019,66.79,48.74,63.43,47.66
10/30/2019,67.21,50.06,63.99,48.15
10/31/2019,66.8,51.38,64.79,49.11
11/01/2019,68.08,51.08,64.53,49.22
11/04/2019,68.56,49.72,63.9,48.92
11/05/2019,68.42,48.59,63.21,47.33
11/06/2019,68.46,49.18,63.56,47.76
11/07/2019,68.93,47.45,62.59,46.22
11/08/2019,69.26,46.98,62.38,45.64
11/11/2019,68.99,47.06,62.51,45.39
11/12/2019,69.24,47.47,62.55,45.61
11/13/2019,69.29,48.08,62.89,45.97
11/14/2019,69.47,49.04,63.47,46.35
11/15/2019,70.49,48.96,63.4,46.11
11/18/2019,70.57,49.12,63.59,46.39
11/19/2019,70.5,49.94,63.81,46.47
11/20/2019,70.01,50.94,64.28,46.48
11/21/2019,69.78,50.31,63.96,45.97
11/22/2019,70.07,50.47,63.9,45.83
11/25/2019,71.14,50.76,63.91,45.35
11/26/2019,71.47,51.33,64.23,45.83
11/27/2019,72.08,51,63.86,45.33
11/29/2019,71.52,50.75,63.72,45.84
12/02/2019,70.33,49.44,63.3,45.78
12/03/2019,69.35,51.47,64.43,46.67
12/04/2019,70.23,50.44,63.91,46.51
12/05/2019,70.47,49.99,63.66,46.52
12/06/2019,71.72,49.37,63.27,45.57
12/09/2019,71.3,49.59,63.36,45.55
12/10/2019,71.11,49.64,63.17,45.81
12/11/2019,71.51,50.38,63.71,46.42
12/12/2019,72.72,48.77,62.69,46.12
12/13/2019,72.82,49.88,63.42,46.51
12/16/2019,73.81,48.95,62.87,46.53
12/17/2019,73.83,48.84,62.83,46.47
12/18/2019,73.85,47.99,62.49,46.46
12/19/2019,74.44,48.15,62.57,46.68
12/20/2019,75.19,48.28,62.56,46.55
12/23/2019,75.31,48.11,62.44,47.06
12/24/2019,75.19,48.08,62.33,48.01
12/26/2019,75.93,48.41,62.47,48.78
12/27/2019,75.9,48.59,62.79,48.66
12/30/2019,75.08,48.19,62.67,48.86
12/31/2019,75.42,47.1,62.32,49.05
01/02/2020,76.78,48.32,62.74,49.7
01/03/2020,75.64,49.75,63.59,51.05
01/06/2020,76.21,49.22,63.41,52.12
01/07/2020,75.76,48.72,63.27,52.5
01/08/2020,76.53,48.12,63.06,51.71
01/09/2020,77.58,48.42,63,51.01
01/10/2020,77.13,49.21,63.3,51.68
1/13/2020,78.18,48.96,63.14,50.91
1/14/2020,77.95,49.4,63.4,50.76
1/15/2020,78.27,50.11,63.68,51.37
1/16/2020,79.56,49.75,63.46,51.16
1/17/2020,80.11,48.93,63.28,51.37
1/21/2020,79.74,49.96,63.82,51.47
1/22/2020,79.79,50.28,63.86,51.48
1/23/2020,79.93,51,64.16,51.7
1/24/2020,78.47,51.78,64.61,52.31
1/27/2020,75.97,53.35,65.51,53.05
1/28/2020,77.56,52.5,65.04,52.09
1/29/2020,77.44,53.59,65.61,52.59
1/30/2020,77.88,53.65,65.77,52.61
1/31/2020,75.09,54.59,66.44,53.24
02/03/2020,76.21,54.51,66.31,52.55
02/04/2020,78.51,52.94,65.56,51.08
02/05/2020,80.32,51.85,65.01,51.21
02/06/2020,80.86,52.39,65.1,51.8
02/07/2020,79.97,53.6,65.68,52.08
02/10/2020,81.18,53.86,65.93,52.26
02/11/2020,81.43,53.35,65.63,51.91
02/12/2020,82.47,52.81,65.21,51.81
2/13/2020,82.29,53.17,65.38,52.46
2/14/2020,82.53,53.68,65.58,52.85
2/18/2020,82.1,54.38,65.91,54.22
2/19/2020,82.86,54.4,65.85,54.88
2/20/2020,82.2,55.26,66.25,55.34
2/21/2020,80.46,56.23,66.76,56.97
2/24/2020,75,58,67.78,57.99
2/25/2020,70.58,58.71,68.19,55.89
2/26/2020,70.05,58.02,68.12,56.37
2/27/2020,63.74,59.25,68.75,56.41
2/28/2020,63.48,62.12,70.36,52.31
03/02/2020,68.61,60.96,70.11,52.7
03/03/2020,64.76,63.01,71.87,56.01
03/04/2020,70.12,61.57,71.5,56.21
03/05/2020,65.44,64.64,72.76,58.65
03/06/2020,63.31,71.25,74.18,58.66
03/09/2020,53.45,77.73,75.69,58.94
03/10/2020,58.93,65.58,73.38,56.37
03/11/2020,53.08,66.5,72.96,55.97
03/12/2020,42.95,65,72.48,51.58
3/13/2020,50.86,61.87,71.02,48.29
3/16/2020,38.98,68.02,73.69,47.31
3/17/2020,43.83,60.76,71.03,48.68
3/18/2020,39.33,56.21,68.78,46.5
3/19/2020,39.31,55.98,69.29,45.12
3/20/2020,35.74,63.26,72.19,46.32
3/23/2020,33.69,68,74.24,50.74
3/24/2020,40.06,66.76,73.14,56.76
3/25/2020,41.08,66.28,73.13,55.3
3/26/2020,45.92,66.69,73.56,56.36
3/27/2020,43.08,69.85,75.31,56.03
3/30/2020,45.89,69.06,74.82,55.41
3/31/2020,44.46,68.01,75.28,52
04/01/2020,40.46,70.05,76.02,52.64
04/02/2020,42.36,70.32,75.94,55.1
04/03/2020,41.15,70.8,76.15,55.77
04/06/2020,46.71,70.29,75.3,59.79
04/07/2020,46.75,69.08,74.7,58.21
04/08/2020,49.9,67.82,74.34,57.9
04/09/2020,51.38,67.85,74.65,61.53
4/13/2020,50.43,67.13,74.53,63.85
4/14/2020,53.45,66.82,74.63,63.17
4/15/2020,51.15,70.42,75.81,62.43
4/16/2020,51.68,71.78,76.16,61.64
4/17/2020,54.44,70.22,75.51,58.82
4/20/2020,52.52,71.23,75.98,59.79
4/21/2020,49.27,73.14,76.44,59.1
4/22/2020,51.51,71.5,76.05,61.77
4/23/2020,51.48,72.17,75.96,62.65
4/24/2020,52.95,72.49,76.02,62
4/27/2020,54.47,69.85,75.34,61.06
4/28/2020,53.94,71.29,75.91,60.5
4/29/2020,56.76,70.7,75.85,61.16
4/30/2020,55.65,69.4,75.65,58.69
05/01/2020,52.71,70.33,75.79,59.62
05/04/2020,53.05,69.16,75.82,59.93
05/05/2020,54.01,68.64,75.68,60.18
05/06/2020,53.27,66.48,75.1,58.44
05/07/2020,54.54,68.8,75.95,60.8
05/08/2020,56.35,67.03,75.52,59.69
05/11/2020,56.39,65.77,75.11,58.91
05/12/2020,54.07,67.25,75.73,59.22
5/13/2020,52.19,68.08,75.98,60.58
5/14/2020,53.46,69.47,75.87,61.72
5/15/2020,53.94,69.17,75.97,62.81
5/18/2020,57.23,65.91,75.03,61.36
5/19/2020,56.06,66.59,75.56,62.46
5/20/2020,57.94,66.88,75.59,62.71
5/21/2020,57.08,67.42,75.66,60.9
5/22/2020,57.32,68.44,75.72,61.83
5/26/2020,58.8,66.24,75.51,59.89
5/27/2020,60.49,66.1,75.57,59.99
5/28/2020,60.29,65.62,75.47,60.39
5/29/2020,60.75,66.51,75.94,61.24
06/01/2020,61.31,65.6,75.9,61.65
06/02/2020,62.32,65.2,75.64,60.56
06/03/2020,63.99,63.48,74.73,58.07
06/04/2020,63.6,61.7,74.21,59.61
06/05/2020,66.89,60.68,73.39,57.11
06/08/2020,68.56,61.1,73.48,58.4
06/09/2020,67.51,62.55,74.04,59.32
06/10/2020,66.72,64.35,75.17,61.27
06/11/2020,59.01,66.83,75.65,60.38
06/12/2020,60.47,65.55,75.35,60.6
6/15/2020,61.54,65.6,75.25,60.28
6/16/2020,63.92,63.75,75,60.36
6/17/2020,63.38,64.15,75.18,60.63
6/18/2020,63.42,65.52,75.53,60.14
6/19/2020,62.67,65.47,75.52,61.9
6/22/2020,63.55,65.62,75.37,62.53
6/23/2020,64.08,64.75,75.35,63.94
6/24/2020,60.84,66.05,75.55,63.21
6/25/2020,62.08,66.38,75.53,63
6/26/2020,59.19,67.79,75.93,63.91
6/29/2020,60.9,67.31,76.09,63.77
6/30/2020,62.54,66.78,75.74,64.83
07/01/2020,63.34,66.46,75.56,63.63
07/02/2020,64,66.65,75.76,64.1
07/06/2020,65.98,66.01,75.55,64.61
07/07/2020,64.6,68.02,76.09,65.58
07/08/2020,65.6,67.39,75.85,66.27
07/09/2020,64.86,69.49,76.29,65.54
07/10/2020,66.19,68.77,75.93,65.04
7/13/2020,65.07,69.17,76.14,65.24
7/14/2020,66.71,69.41,76.14,65.71
7/15/2020,67.98,68.82,76.02,65.82
7/16/2020,67.52,69.45,76.17,64.27
7/17/2020,67.86,69.19,76.12,65.35
7/20/2020,69,69.44,76.21,65.75
7/21/2020,69.24,69.61,76.4,67.59
7/22/2020,70.02,69.95,76.41,69.64
7/23/2020,68.39,71.6,76.57,70.74
7/24/2020,67.5,71.69,76.51,72
7/27/2020,68.44,71.07,76.24,74.33
7/28/2020,67.61,72.02,76.65,75.19
7/29/2020,69.24,71.73,76.81,76.28
7/30/2020,68.76,72.79,77.04,75.32
7/31/2020,69.85,72.64,77.13,76.86
08/03/2020,70.82,71.9,77.05,76.94
08/04/2020,71.34,73.29,77.52,79.99
08/05/2020,72.24,72.14,77.06,81.44
08/06/2020,73.21,72.81,77.19,83.22
08/07/2020,73.29,71.85,76.83,80.61
08/10/2020,73.72,71.15,76.76,80
08/11/2020,72.53,69.5,76.27,71.61
08/12/2020,74.52,68.23,75.72,71.21
8/13/2020,74.28,66.75,75.42,74.28
8/14/2020,74.27,66.25,75.49,73.36
8/17/2020,74.74,66.58,75.78,76.58
8/18/2020,75.03,67.5,75.99,77.98
8/19/2020,74.46,66.68,75.8,72.97
8/20/2020,74.9,67.93,76.2,74.01
8/21/2020,75.4,68.68,76.28,72.87
8/24/2020,76.96,68.42,76.1,71.97
8/25/2020,77.5,67.45,75.75,72.06
8/26/2020,79.04,66.85,75.68,73.9
8/27/2020,79.39,64.57,75.16,72.14
8/28/2020,80.38,64.49,75.37,74.75
8/31/2020,79.83,65.29,75.58,74.96
09/01/2020,81.31,66.86,76,75.16
09/02/2020,83.66,68.07,76.22,73.08
09/03/2020,77.92,68.51,76.46,72.03
09/04/2020,76.61,65.87,75.57,72.52
09/08/2020,72.43,66.68,75.99,72.24
09/09/2020,75.29,66.35,75.78,73.57
09/10/2020,72.64,67.02,76.01,73.14
09/11/2020,72.71,67.19,76.19,73.04
9/14/2020,74.6,67.27,76.14,74.28
9/15/2020,75.39,66.91,76.08,73.89
9/16/2020,74.78,66.51,75.94,74.27
9/17/2020,73.51,66.99,75.99,73.45
9/18/2020,71.78,66.43,75.86,73.57
9/21/2020,70.18,67.11,76.11,70.49
9/22/2020,71.6,67.04,76.13,69.74
9/23/2020,68.27,67.25,76.03,66.69
9/24/2020,68.63,67.71,76.1,67.26
9/25/2020,70.84,67.73,76.19,66.73
9/28/2020,73.22,67.32,76.16,68.14
9/29/2020,72.43,67.46,76.29,69.34
9/30/2020,73.47,66.32,75.93,68.58
10/01/2020,74.45,66.51,75.96,69.92
10/02/2020,73,65.96,75.83,69.7
10/05/2020,75.59,63.37,74.95,70.4
10/06/2020,73.43,64.07,75.28,68.58
10/07/2020,75.99,63.04,74.77,68.45
10/08/2020,77.32,63.79,75.01,69.05
10/09/2020,78.73,63.71,74.92,71.64
10/12/2020,81.25,63.98,75.02,71.21
10/13/2020,80.17,65.08,75.48,68.83
10/14/2020,79.21,65.39,75.48,69.38
10/15/2020,78.96,65.14,75.39,69.89
10/16/2020,78.88,64.82,75.25,69.27
10/19/2020,76.46,64.32,75.02,69.42
10/20/2020,77.05,63.05,74.74,70.05
10/21/2020,76.77,62.65,74.49,71.15
10/22/2020,77.63,61.42,73.98,69.63
10/23/2020,78.12,62.05,74.2,69.45
10/26/2020,75.27,63.11,74.56,69.41
10/27/2020,74.73,64.04,74.91,69.75
10/28/2020,69.65,64.2,74.91,67.43
10/29/2020,71.04,63,74.27,66.82
10/30/2020,69.52,61.68,73.84,67.4
11/02/2020,71.09,62.63,73.97,68.69
11/03/2020,73.58,61.9,73.67,69.55
11/04/2020,76.87,64.55,74.98,69.35
11/05/2020,79.88,64.82,74.93,72.65
11/06/2020,79.87,63.22,74.43,72.81
11/09/2020,81.87,60.53,73.23,66.2
11/10/2020,81.6,59.87,72.95,66.7
11/11/2020,82.8,60.27,73.1,65.98
11/12/2020,81.22,62.33,73.92,66.91
11/13/2020,83.46,62.1,73.73,67.8
11/16/2020,85.5,61.79,73.63,67.68
11/17/2020,84.63,62.63,73.96,67.29
11/18/2020,82.54,63.03,73.96,66.38
11/19/2020,83.21,63.65,74.08,66.14
11/20/2020,82.09,64.74,74.36,66.6
11/23/2020,83.1,64.17,74,63.92
11/24/2020,85.74,62.93,73.84,61.98
11/25/2020,85.49,62.53,73.89,61.93
11/27/2020,85.96,63.7,74.29,60.52
11/30/2020,85.17,63.44,74.21,59.76
12/01/2020,87.04,61.68,73.44,62.33
12/02/2020,87.39,60.63,73.19,63.3
12/03/2020,87.35,61.67,73.6,64.25
12/04/2020,88.84,59.83,72.98,63.84
12/07/2020,88.51,60.93,73.38,65.76
12/08/2020,88.98,61.51,73.55,66.31
12/09/2020,87.4,61.07,73.33,63.85
12/10/2020,87.35,62.17,73.64,63.74
12/11/2020,87.09,62.6,73.94,64.01
12/14/2020,86.33,62.24,73.89,63.2
12/15/2020,88.65,61.86,73.73,65.06
12/16/2020,88.94,61.52,73.6,65.74
12/17/2020,89.96,61.19,73.54,67.24
12/18/2020,89.33,60.83,73.38,67.02
12/21/2020,88.6,61.32,73.63,66.61
12/22/2020,88.28,61.95,73.69,65.51
12/23/2020,88.32,61.09,73.25,66.31
12/24/2020,89,61.48,73.46,66.76
12/28/2020,90.55,61.58,73.55,66.31
12/29/2020,90.23,61.47,73.53,66.73
12/30/2020,90.44,61.63,73.57,67.75
12/31/2020,91.35,61.96,73.67,68.2
01/04/2021,88.86,61.72,73.83,71.37
01/05/2021,90.06,60.88,73.44,71.73
01/06/2021,91.15,58.34,72.43,69.2
01/07/2021,93.83,57.28,72,68.84
01/08/2021,94.93,56.9,71.59,63.99
01/11/2021,93.63,56.67,71.37,63.87
01/12/2021,93.64,56.63,71.35,64.59
1/13/2021,94.17,57.88,71.78,64.07
1/14/2021,93.47,56.83,71.43,63.95
1/15/2021,92.11,57.26,71.84,62.41
1/19/2021,93.57,57.58,71.92,63.38
1/20/2021,96.13,57.69,71.99,65.41
1/21/2021,96.32,56.86,71.78,65.39
1/22/2021,95.62,57.19,71.97,64.36
1/25/2021,96.36,58.53,72.53,64.39
1/26/2021,96.07,58.4,72.56,64.11
1/27/2021,91.35,58.72,72.78,63.36
1/28/2021,92.86,58.06,72.37,63.48
1/29/2021,89.25,57.4,72.03,63.38
02/01/2021,92.14,57.45,72.15,64.65
02/02/2021,94.76,56.76,71.75,62.88
02/03/2021,94.94,55.71,71.54,62.69
02/04/2021,97.08,55.38,71.53,59.94
02/05/2021,97.82,54.45,71.18,61.12
02/08/2021,99.23,54.9,71.19,62.41
02/09/2021,99.07,55.01,71.3,62.78
02/10/2021,99.04,55.71,71.66,63.21
02/11/2021,99.35,55.17,71.59,62.08
02/12/2021,100.34,53.76,71.09,61.76
2/16/2021,100.16,52.18,69.93,59.91
2/17/2021,100.22,52.79,70.13,58.55
2/18/2021,99.34,52.4,70.15,58.49
2/19/2021,98.9,50.98,69.56,58.98
2/22/2021,97.47,50.22,69.4,60.73
2/23/2021,97.68,49.92,69.45,60.53
2/24/2021,99.81,49.36,69.27,60.36
2/25/2021,95.02,47.73,67.47,58.12
2/26/2021,93.97,50.93,68.62,55.29
03/01/2021,98.54,49.51,68.38,55.03
03/02/2021,97.01,49.52,68.64,55.71
03/03/2021,94.45,48.43,68.01,54.49
03/04/2021,92.1,47.83,67.32,53.31
03/05/2021,95.47,48.03,67.11,53.42
03/08/2021,94.53,47.22,66.53,52.18
03/09/2021,97.2,48.52,67.2,54.51
03/10/2021,98.41,48.67,67.49,55.09
03/11/2021,100.43,48.07,67.49,54.95
03/12/2021,100.72,45.99,66.43,54.97
3/15/2021,101.93,46.47,66.64,55.49
3/16/2021,101.68,46.14,66.59,55.51
3/17/2021,102.26,45.51,66.37,56.33
3/18/2021,99.29,44.57,65.58,55.63
3/19/2021,98.9,44.97,65.44,56.22
3/22/2021,100.51,46.05,65.88,55.98
3/23/2021,98.87,46.93,66.5,55.17
3/24/2021,97.88,47.4,66.67,55.61
3/25/2021,98.94,46.74,66.48,55.05
3/26/2021,102.11,46.39,66.06,55.5
3/29/2021,102.01,45.57,65.61,54.05
3/30/2021,101.47,46.04,65.5,52.29
3/31/2021,102.31,45.67,65.32,53.91
04/01/2021,104.45,47.05,65.86,55.25
04/05/2021,107.45,46.61,65.39,55.14
04/06/2021,107.33,47.26,66.13,56.07
04/07/2021,107.59,46.68,66.02,55.71
04/08/2021,108.59,47.36,66.47,56.94
04/09/2021,110.17,47.06,66.16,56.06
04/12/2021,110.27,46.93,66,55.36
4/13/2021,110.88,47.68,66.61,56.16
4/14/2021,110.18,47.41,66.43,55.66
4/15/2021,112.5,48.95,67.23,57.44
4/16/2021,113.29,48.24,66.91,58.16
4/19/2021,112.19,47.94,66.83,57.8
4/20/2021,110.51,48.44,67.24,58.23
4/21/2021,112.57,48.6,67.22,59.37
4/22/2021,110.54,48.97,67.3,58.63
4/23/2021,112.91,48.71,67.15,58.11
4/26/2021,113.39,48.66,67.06,58.41
4/27/2021,113.32,47.84,66.53,58.1
4/28/2021,113.18,47.88,66.68,58.5
4/29/2021,114.65,47.55,66.44,57.96
4/30/2021,113.16,47.74,66.72,57.58
05/03/2021,113.62,47.84,66.72,59.11
05/04/2021,112.22,48.43,66.91,58.17
05/05/2021,112.27,48.62,67.09,58.74
05/06/2021,114.1,48.76,67.23,60.63
05/07/2021,115.69,48.29,67.19,61.84
05/10/2021,113.48,47.31,66.93,62.2
05/11/2021,111.47,46.81,66.81,62.17
05/12/2021,106.69,45.85,66.1,60.93
5/13/2021,109.22,45.97,66.56,61.4
5/14/2021,112.55,46.7,66.77,62.52
5/17/2021,112.02,46.59,66.69,64.06
5/18/2021,110.06,46.36,66.67,64.26
5/19/2021,109.51,46.16,66.29,64.35
5/20/2021,111.82,46.85,66.77,64.86
5/21/2021,111.68,47.22,66.82,65
5/24/2021,113.9,47.49,66.94,65.22
5/25/2021,113.43,48.37,67.48,66.44
5/26/2021,113.85,48.28,67.32,66.13
5/27/2021,113.92,47.86,67.06,66.23
5/28/2021,114.39,47.71,67.14,66.63
06/01/2021,114.16,47.82,67.06,66.34
06/02/2021,114.56,47.92,67.21,67
06/03/2021,113.7,47.55,66.87,64.3
06/04/2021,115.73,48.79,67.61,65.76
06/07/2021,115.55,48.53,67.48,66.33
06/08/2021,115.56,49.19,67.74,65.81
06/09/2021,115.18,50.06,68.31,65.56
06/10/2021,116.24,50.67,68.75,66.23
06/11/2021,116.64,50.47,68.52,64.59
6/14/2021,117.21,49.72,68.12,63.85
6/15/2021,116.75,49.61,68.15,63.37
6/16/2021,115.42,49.49,67.29,61.19
6/17/2021,115.31,51.03,67.76,57.39
6/18/2021,112.23,52.91,68.42,56.72
6/21/2021,115.4,51.17,68.11,58.07
6/22/2021,116.57,51.39,68.24,57.63
6/23/2021,116.3,51.08,67.99,57.53
6/24/2021,117.66,51.27,67.96,57.5
6/25/2021,118.48,50.25,67.62,57.8
6/28/2021,118.97,51.24,68.07,57.84
6/29/2021,119.1,51.41,68.1,56.61
6/30/2021,119.34,51.85,68.36,57.22
07/01/2021,120.61,51.84,68.25,57.6
07/02/2021,122.47,52.57,68.67,58.36
07/06/2021,121.99,53.69,69.63,58.9
07/07/2021,122.85,54.67,69.9,59.38
07/08/2021,120.86,55.17,70.14,59.3
07/09/2021,123.35,53.58,69.5,59.67
07/12/2021,124.32,53.44,69.36,59.58
7/13/2021,123.46,52.61,69,59.67
7/14/2021,123.77,53.85,69.64,60.98
7/15/2021,122.94,54.98,70.21,61.06
7/16/2021,121,54.82,70.22,59.8
7/19/2021,117.39,57.19,71.38,59.92
7/20/2021,120.77,56.05,71.18,59.77
7/21/2021,122.74,54.7,70.3,59.33
7/22/2021,123.29,55.7,70.66,59.57
7/23/2021,125.72,54.98,70.39,59.17
7/26/2021,126.36,54.62,70.31,58.87
7/27/2021,125.2,55.8,71,59.07
7/28/2021,125.09,55.77,71.08,59.66
7/29/2021,126.12,55.19,70.7,60.98
7/30/2021,124.91,55.73,71.35,59.92
08/02/2021,124.39,56.71,71.64,59.85
08/03/2021,126.4,56.69,71.58,59.66
08/04/2021,125.15,57,71.66,59.74
08/05/2021,126.74,56.38,71.11,59.18
08/06/2021,127.14,54.51,70.28,56.23
08/09/2021,126.95,54.12,69.9,54.21
08/10/2021,127.2,53.65,69.65,54.23
08/11/2021,127.85,53.54,69.91,55.74
08/12/2021,128.57,53.42,69.71,55.77
8/13/2021,129.07,54.99,70.48,57.4
8/16/2021,129.69,55.34,70.89,57.91
8/17/2021,128.02,55.32,70.9,57.8
8/18/2021,125.17,55.65,70.7,57.9
8/19/2021,125.48,56.43,70.97,57.51
8/20/2021,127.53,56.51,70.71,57.59
8/23/2021,129.78,56.48,70.96,58.99
8/24/2021,130.16,55.66,70.52,58.98
8/25/2021,130.74,54.68,69.93,58.12
8/26/2021,129.19,55.04,69.93,58.28
8/27/2021,131.46,55.73,70.33,60
8/30/2021,132.62,56,70.6,59.45
8/31/2021,132.31,55.33,70.09,59.74
09/01/2021,132.38,55.41,70.45,59.68
09/02/2021,133.17,55.87,70.64,59.33
09/03/2021,133.12,54.91,70.25,60.61
09/07/2021,132.16,54.02,69.89,58.23
09/08/2021,131.85,54.67,70.2,57.9
09/09/2021,130.67,55.99,70.49,58.39
09/10/2021,128.66,55.08,70.05,57.82
9/13/2021,129.21,55.75,70.26,58.18
9/14/2021,127.86,57.02,70.75,59.01
9/15/2021,129.94,56.66,70.47,58.2
9/16/2021,129.5,56.15,70.11,55.54
9/17/2021,127.04,55.6,69.65,55.39
9/20/2021,122.78,56.95,70.24,56.19
9/21/2021,122.6,56.86,70.29,56.93
9/22/2021,124.86,57.52,70.34,56.43
9/23/2021,127.93,54.95,69.27,55.13
9/24/2021,128.34,53.86,68.69,55.02
9/27/2021,127.63,53.47,68.29,55.27
9/28/2021,122.43,51.75,67.8,54.19
9/29/2021,122.83,52.01,67.93,53.7
9/30/2021,119.82,52.05,68.06,55.59
10/01/2021,122.65,52.81,68.74,55.87
10/04/2021,119.54,52.54,68.48,56.45
10/05/2021,121.98,51.56,68.05,55.85
10/06/2021,123,52.14,68.12,56.16
10/07/2021,125.1,50.98,67.53,55.56
10/08/2021,124.62,50.29,67.2,55.61
10/11/2021,122.85,50.04,66.89,55.36
10/12/2021,122.23,51.76,67.62,55.9
10/13/2021,123.09,52.81,67.82,57.92
10/14/2021,127.2,53.2,68.02,58.19
10/15/2021,129.16,52.47,67.42,56.3
10/18/2021,129.98,53.01,67.3,56.03
10/19/2021,131.91,51.61,66.8,56.41
10/20/2021,132.93,50.86,66.76,57.43
10/21/2021,133.67,50.8,66.31,57.35
10/22/2021,133.37,51.76,66.74,57.96
10/25/2021,134.73,51.69,66.83,58.8
10/26/2021,135.04,52.46,67.13,57.94
10/27/2021,133.78,54.39,67.73,58.28
10/28/2021,136.38,54.08,67.35,58.28
10/29/2021,136.93,54.39,67.54,57.25
11/01/2021,137.42,53.65,67.35,57.9
11/02/2021,138.51,54.02,67.69,57.61
11/03/2021,140.24,52.94,67.35,56.58
11/04/2021,141.48,54.01,68.01,57.9
11/05/2021,142.47,55.69,68.82,59.45
11/08/2021,142.74,55.39,68.23,59.9
11/09/2021,141.81,56.93,68.84,60.44
11/10/2021,139.49,54.77,67.68,61.81
11/11/2021,139.59,54.98,67,62.45
11/12/2021,141.67,54.26,67.49,62.73
11/15/2021,141.71,52.78,66.98,62.53
11/16/2021,142.8,52.62,66.8,61.6
11/17/2021,142.13,53.4,67.3,62.75
11/18/2021,143.08,53.74,67.35,62.28
11/19/2021,142.57,54.94,67.71,61.39
11/22/2021,141.76,53.72,66.79,58.54
11/23/2021,142.22,52.07,66.24,57.52
11/24/2021,142.81,53.69,66.59,57.38
11/26/2021,136.63,56.3,67.96,57.19
11/29/2021,139.87,55.64,68.02,57
11/30/2021,134.58,57.31,68.99,56.25
12/01/2021,131.41,57.86,69.19,56.67
12/02/2021,135.33,58,69.01,55.95
12/03/2021,133.09,59.46,69.59,56.91
12/06/2021,136.19,57.91,68.82,56.67
12/07/2021,141.81,56.88,68.59,57.06
12/08/2021,142.54,54.94,67.91,57.08
12/09/2021,140.61,55.61,68.14,56.35
12/10/2021,143.24,55.36,68.39,56.83
12/13/2021,140.77,56.83,69.16,57.15
12/14/2021,138.76,56.68,68.79,56.1
12/15/2021,143.12,55.79,68.84,56.5
12/16/2021,140.58,55.53,68.81,57.91
12/17/2021,137.58,56.81,69.31,57.66
12/20/2021,134.61,56.06,68.99,57.19
12/21/2021,139.43,55.51,68.77,57.15
12/22/2021,142.19,56.11,68.89,58.28
